<?xml version="1.0" encoding="UTF-8"?>
<!DOCTYPE suite SYSTEM "http://testng.org/testng-1.0.dtd">
<suite name="Suite" parallel="false">
    <test name="Test">
        <method-selectors>
            <method-selector>
                <script language="groovy">
                    <![CDATA[suiteName = System.getProperty("group");
                 groups.containsKey(suiteName);
                 ]]>
                </script>
            </method-selector>
        </method-selectors>
        <!--
       *********************************************************************
       Define the packages to be included(Run suite package wise.)
       *********************************************************************
       -->
        <packages>
            <package name="com.example.sandbox.*" />
        </packages>
    </test> <!-- Test -->
</suite> <!-- Suite  -->